{"cx":259.815887451172,"cy":207.935302734375,"fx":366.347106933594,"fy":366.347106933594,"k1":0.0858680307865143,"k2":-0.269067585468292,"k3":0.100408300757408,"p1":0.0,"p2":0.0}